client_id,date_id,pays_id,date_inscription,nb_inscriptions
1,531,1,2024-12-20,1
2,491,2,2024-10-27,1
3,454,3,2024-09-07,1
4,287,4,2024-01-27,1
5,503,4,2024-11-11,1
6,513,5,2024-11-27,1
7,699,1,2025-08-13,1
8,222,6,2023-11-08,1
9,320,1,2024-03-10,1
10,336,7,2024-04-03,1
11,381,8,2024-06-05,1
12,304,2,2024-02-20,1
13,352,2,2024-04-26,1
14,722,1,2025-09-14,1
15,715,4,2025-09-05,1
16,424,4,2024-07-28,1
17,759,6,2025-11-02,1
18,66,7,2023-04-23,1
19,221,2,2023-11-06,1
20,539,6,2024-12-31,1
21,188,4,2023-09-28,1
22,55,6,2023-04-07,1
23,391,8,2024-06-20,1
24,386,4,2024-06-14,1
25,207,9,2023-10-19,1
26,76,7,2023-05-07,1
27,340,3,2024-04-09,1
28,239,2,2023-11-28,1
29,795,5,2025-12-15,1
30,129,8,2023-07-11,1
31,772,10,2025-11-16,1
32,264,3,2024-01-01,1
33,759,5,2025-11-02,1
34,107,4,2023-06-14,1
35,807,10,2026-01-01,1
36,91,1,2023-05-26,1
37,696,1,2025-08-10,1
38,35,8,2023-03-09,1
39,466,1,2024-09-25,1
40,461,10,2024-09-16,1
41,552,10,2025-01-19,1
42,800,7,2025-12-23,1
43,131,3,2023-07-13,1
44,256,2,2023-12-20,1
45,793,9,2025-12-13,1
46,484,6,2024-10-16,1
47,733,1,2025-09-30,1
48,751,8,2025-10-24,1
49,571,1,2025-02-21,1
50,472,6,2024-10-04,1
51,270,3,2024-01-07,1
52,525,7,2024-12-13,1
53,37,10,2023-03-11,1
54,203,7,2023-10-14,1
55,432,4,2024-08-09,1
56,444,1,2024-08-23,1
57,356,2,2024-05-01,1
58,687,4,2025-07-27,1
59,193,3,2023-10-03,1
60,177,1,2023-09-11,1
61,776,4,2025-11-20,1
62,614,1,2025-04-24,1
63,23,8,2023-02-20,1
64,445,3,2024-08-26,1
65,152,9,2023-08-06,1
66,210,10,2023-10-23,1
67,779,5,2025-11-24,1
68,385,10,2024-06-12,1
69,86,10,2023-05-18,1
70,60,4,2023-04-13,1
71,637,3,2025-05-25,1
72,359,1,2024-05-08,1
73,225,7,2023-11-11,1
74,270,5,2024-01-07,1
75,508,6,2024-11-18,1
76,287,4,2024-01-27,1
77,590,5,2025-03-18,1
78,247,9,2023-12-08,1
79,819,8,2026-01-15,1
80,95,3,2023-05-30,1
81,801,6,2025-12-24,1
82,11,4,2023-02-04,1
83,713,10,2025-09-01,1
84,89,2,2023-05-24,1
85,66,4,2023-04-23,1
86,249,2,2023-12-11,1
87,518,10,2024-12-04,1
88,494,8,2024-10-31,1
89,643,3,2025-05-31,1
90,122,1,2023-07-02,1
91,101,4,2023-06-05,1
92,726,7,2025-09-19,1
93,489,10,2024-10-23,1
94,540,4,2025-01-02,1
95,341,9,2024-04-11,1
96,775,8,2025-11-19,1
97,674,9,2025-07-11,1
98,518,5,2024-12-04,1
99,799,3,2025-12-20,1
100,384,5,2024-06-08,1
101,804,4,2025-12-28,1
102,287,6,2024-01-27,1
103,369,6,2024-05-22,1
104,192,3,2023-10-02,1
105,804,7,2025-12-28,1
106,740,8,2025-10-12,1
107,285,7,2024-01-25,1
108,725,8,2025-09-17,1
109,620,10,2025-05-01,1
110,246,4,2023-12-07,1
111,514,5,2024-11-28,1
112,552,6,2025-01-19,1
113,251,9,2023-12-13,1
114,195,1,2023-10-06,1
115,470,2,2024-09-30,1
116,506,1,2024-11-14,1
117,33,5,2023-03-04,1
118,346,5,2024-04-18,1
119,744,8,2025-10-16,1
120,614,7,2025-04-24,1
121,308,1,2024-02-24,1
122,218,8,2023-11-03,1
123,276,8,2024-01-14,1
124,341,7,2024-04-11,1
125,110,9,2023-06-17,1
126,723,6,2025-09-15,1
127,368,3,2024-05-20,1
128,231,6,2023-11-18,1
129,798,2,2025-12-18,1
130,489,1,2024-10-23,1
131,450,6,2024-09-02,1
132,490,3,2024-10-25,1
133,395,10,2024-06-24,1
134,435,1,2024-08-12,1
135,86,3,2023-05-18,1
136,517,8,2024-12-03,1
137,649,5,2025-06-06,1
138,286,9,2024-01-26,1
139,782,2,2025-11-29,1
140,314,3,2024-03-03,1
141,771,6,2025-11-15,1
142,424,5,2024-07-28,1
143,477,6,2024-10-09,1
144,222,1,2023-11-08,1
145,545,3,2025-01-08,1
146,376,6,2024-05-30,1
147,40,7,2023-03-15,1
148,89,4,2023-05-24,1
149,182,5,2023-09-18,1
150,6,10,2023-01-28,1
151,56,5,2023-04-08,1
152,339,6,2024-04-06,1
153,750,6,2025-10-23,1
154,606,2,2025-04-15,1
155,296,7,2024-02-08,1
156,124,10,2023-07-06,1
157,372,9,2024-05-25,1
158,52,2,2023-04-04,1
159,375,1,2024-05-28,1
160,484,10,2024-10-16,1
161,784,3,2025-12-03,1
162,580,4,2025-03-04,1
163,645,2,2025-06-02,1
164,791,4,2025-12-11,1
165,572,7,2025-02-22,1
166,576,1,2025-02-27,1
167,14,1,2023-02-08,1
168,61,9,2023-04-14,1
169,105,1,2023-06-12,1
170,559,6,2025-01-29,1
171,792,5,2025-12-12,1
172,419,5,2024-07-23,1
173,714,9,2025-09-03,1
174,373,6,2024-05-26,1
175,346,5,2024-04-18,1
176,686,3,2025-07-26,1
177,388,6,2024-06-16,1
178,507,7,2024-11-16,1
179,379,8,2024-06-03,1
180,117,4,2023-06-26,1
181,438,6,2024-08-15,1
182,326,4,2024-03-18,1
183,81,3,2023-05-13,1
184,397,8,2024-06-26,1
185,647,10,2025-06-04,1
186,211,9,2023-10-24,1
187,655,6,2025-06-13,1
188,567,9,2025-02-15,1
189,817,1,2026-01-13,1
190,587,4,2025-03-15,1
191,804,4,2025-12-28,1
192,692,1,2025-08-06,1
193,779,10,2025-11-24,1
194,442,2,2024-08-21,1
195,326,7,2024-03-18,1
196,568,6,2025-02-17,1
197,794,4,2025-12-14,1
198,425,7,2024-07-30,1
199,310,4,2024-02-27,1
200,589,2,2025-03-17,1
201,373,1,2024-05-26,1
202,741,2,2025-10-13,1
203,290,4,2024-02-02,1
204,518,1,2024-12-04,1
205,284,2,2024-01-24,1
206,220,10,2023-11-05,1
207,533,1,2024-12-22,1
208,46,6,2023-03-26,1
209,811,4,2026-01-05,1
210,373,3,2024-05-26,1
211,764,9,2025-11-07,1
212,18,4,2023-02-14,1
213,414,6,2024-07-14,1
214,597,5,2025-03-26,1
215,421,7,2024-07-25,1
216,651,7,2025-06-08,1
217,36,9,2023-03-10,1
218,276,4,2024-01-14,1
219,409,9,2024-07-09,1
220,652,8,2025-06-10,1
221,481,4,2024-10-13,1
222,26,1,2023-02-23,1
223,418,1,2024-07-22,1
224,273,8,2024-01-10,1
225,299,10,2024-02-11,1
226,464,8,2024-09-22,1
227,293,8,2024-02-05,1
228,669,9,2025-07-04,1
229,544,2,2025-01-07,1
230,512,1,2024-11-24,1
231,278,2,2024-01-16,1
232,396,8,2024-06-25,1
233,191,10,2023-10-01,1
234,819,1,2026-01-15,1
235,502,4,2024-11-10,1
236,387,4,2024-06-15,1
237,11,4,2023-02-04,1
238,676,6,2025-07-13,1
239,5,9,2023-01-27,1
240,541,5,2025-01-04,1
241,93,8,2023-05-28,1
242,608,5,2025-04-17,1
243,675,3,2025-07-12,1
244,62,9,2023-04-15,1
245,698,4,2025-08-12,1
246,660,1,2025-06-23,1
247,593,9,2025-03-21,1
248,451,6,2024-09-03,1
249,628,1,2025-05-11,1
250,711,2,2025-08-29,1
251,815,6,2026-01-11,1
252,557,2,2025-01-26,1
253,767,1,2025-11-11,1
254,171,4,2023-09-02,1
255,193,5,2023-10-03,1
256,496,8,2024-11-04,1
257,252,9,2023-12-15,1
258,38,9,2023-03-12,1
259,317,4,2024-03-07,1
260,467,8,2024-09-26,1
261,752,2,2025-10-25,1
262,502,5,2024-11-10,1
263,253,8,2023-12-17,1
264,569,2,2025-02-19,1
265,538,8,2024-12-30,1
266,621,3,2025-05-02,1
267,12,9,2023-02-06,1
268,472,3,2024-10-04,1
269,140,8,2023-07-23,1
270,784,6,2025-12-03,1
271,190,9,2023-09-30,1
272,407,5,2024-07-07,1
273,664,4,2025-06-28,1
274,160,3,2023-08-18,1
275,469,4,2024-09-29,1
276,395,2,2024-06-24,1
277,802,7,2025-12-25,1
278,394,6,2024-06-23,1
279,787,2,2025-12-07,1
280,468,10,2024-09-28,1
281,606,2,2025-04-15,1
282,332,2,2024-03-29,1
283,771,7,2025-11-15,1
284,584,9,2025-03-10,1
285,72,6,2023-04-30,1
286,463,6,2024-09-20,1
287,9,5,2023-02-02,1
288,141,2,2023-07-24,1
289,638,6,2025-05-26,1
290,85,1,2023-05-17,1
291,281,5,2024-01-21,1
292,166,1,2023-08-27,1
293,274,7,2024-01-11,1
294,627,1,2025-05-09,1
295,53,4,2023-04-05,1
296,125,8,2023-07-07,1
297,754,1,2025-10-27,1
298,745,7,2025-10-17,1
299,560,4,2025-01-30,1
300,184,7,2023-09-20,1
301,490,7,2024-10-25,1
302,92,2,2023-05-27,1
303,293,7,2024-02-05,1
304,17,1,2023-02-13,1
305,465,8,2024-09-24,1
306,23,7,2023-02-20,1
307,233,7,2023-11-20,1
308,218,6,2023-11-03,1
309,292,10,2024-02-04,1
310,108,3,2023-06-15,1
311,478,4,2024-10-10,1
312,156,10,2023-08-12,1
313,790,4,2025-12-10,1
314,139,3,2023-07-22,1
315,635,8,2025-05-23,1
316,672,5,2025-07-09,1
317,601,3,2025-04-04,1
318,363,9,2024-05-14,1
319,512,10,2024-11-24,1
320,272,1,2024-01-09,1
321,749,2,2025-10-22,1
322,621,9,2025-05-02,1
323,525,7,2024-12-13,1
324,275,7,2024-01-13,1
325,693,1,2025-08-07,1
326,284,1,2024-01-24,1
327,519,6,2024-12-05,1
328,167,4,2023-08-29,1
329,542,6,2025-01-05,1
330,573,3,2025-02-23,1
331,186,5,2023-09-24,1
332,397,10,2024-06-26,1
333,323,1,2024-03-14,1
334,539,4,2024-12-31,1
335,703,10,2025-08-18,1
336,647,3,2025-06-04,1
337,431,5,2024-08-08,1
338,414,9,2024-07-14,1
339,326,6,2024-03-18,1
340,13,3,2023-02-07,1
341,521,7,2024-12-08,1
342,232,6,2023-11-19,1
343,623,2,2025-05-04,1
344,203,6,2023-10-14,1
345,147,3,2023-07-31,1
346,638,1,2025-05-26,1
347,659,5,2025-06-21,1
348,417,3,2024-07-20,1
349,187,1,2023-09-27,1
350,149,1,2023-08-03,1
351,746,6,2025-10-18,1
352,185,5,2023-09-21,1
353,275,3,2024-01-13,1
354,492,3,2024-10-28,1
355,192,7,2023-10-02,1
356,170,4,2023-09-01,1
357,732,10,2025-09-28,1
358,670,4,2025-07-05,1
359,756,3,2025-10-30,1
360,111,6,2023-06-18,1
361,447,9,2024-08-28,1
362,255,3,2023-12-19,1
363,428,2,2024-08-04,1
364,609,1,2025-04-18,1
365,105,8,2023-06-12,1
366,16,3,2023-02-12,1
367,99,2,2023-06-03,1
368,24,2,2023-02-21,1
369,29,10,2023-02-26,1
370,69,5,2023-04-26,1
371,812,3,2026-01-07,1
372,270,5,2024-01-07,1
373,660,9,2025-06-23,1
374,200,6,2023-10-11,1
375,300,8,2024-02-12,1
376,577,6,2025-02-28,1
377,452,2,2024-09-04,1
378,748,1,2025-10-21,1
379,747,1,2025-10-20,1
380,488,5,2024-10-22,1
381,265,6,2024-01-02,1
382,257,2,2023-12-21,1
383,27,10,2023-02-24,1
384,115,7,2023-06-23,1
385,554,6,2025-01-22,1
386,642,5,2025-05-30,1
387,719,8,2025-09-11,1
388,247,5,2023-12-08,1
389,455,2,2024-09-10,1
390,136,3,2023-07-19,1
391,592,10,2025-03-20,1
392,687,2,2025-07-27,1
393,75,10,2023-05-06,1
394,390,4,2024-06-18,1
395,156,4,2023-08-12,1
396,553,1,2025-01-20,1
397,350,10,2024-04-22,1
398,30,6,2023-02-27,1
399,779,8,2025-11-24,1
400,167,7,2023-08-29,1
401,463,5,2024-09-20,1
402,636,4,2025-05-24,1
403,641,5,2025-05-29,1
404,391,5,2024-06-20,1
405,196,8,2023-10-07,1
406,234,2,2023-11-22,1
407,225,5,2023-11-11,1
408,619,10,2025-04-30,1
409,110,8,2023-06-17,1
410,208,4,2023-10-20,1
411,527,3,2024-12-15,1
412,459,5,2024-09-14,1
413,697,1,2025-08-11,1
414,428,8,2024-08-04,1
415,500,2,2024-11-08,1
416,695,9,2025-08-09,1
417,820,4,2026-01-18,1
418,283,4,2024-01-23,1
419,658,9,2025-06-19,1
420,215,10,2023-10-31,1
421,446,3,2024-08-27,1
422,75,4,2023-05-06,1
423,70,4,2023-04-27,1
424,695,2,2025-08-09,1
425,709,4,2025-08-26,1
426,810,8,2026-01-04,1
427,810,10,2026-01-04,1
428,409,3,2024-07-09,1
429,3,1,2023-01-25,1
430,560,3,2025-01-30,1
431,490,10,2024-10-25,1
432,284,6,2024-01-24,1
433,778,8,2025-11-23,1
434,141,6,2023-07-24,1
435,817,10,2026-01-13,1
436,210,2,2023-10-23,1
437,434,1,2024-08-11,1
438,89,3,2023-05-24,1
439,342,5,2024-04-12,1
440,555,7,2025-01-24,1
441,594,3,2025-03-22,1
442,714,2,2025-09-03,1
443,8,1,2023-01-30,1
444,73,7,2023-05-01,1
445,694,8,2025-08-08,1
446,81,10,2023-05-13,1
447,509,10,2024-11-19,1
448,364,8,2024-05-16,1
449,433,7,2024-08-10,1
450,325,6,2024-03-16,1
451,692,1,2025-08-06,1
452,41,8,2023-03-16,1
453,371,7,2024-05-24,1
454,338,4,2024-04-05,1
455,555,3,2025-01-24,1
456,498,2,2024-11-06,1
457,300,8,2024-02-12,1
458,114,2,2023-06-22,1
459,179,6,2023-09-13,1
460,490,6,2024-10-25,1
461,39,4,2023-03-14,1
462,81,10,2023-05-13,1
463,622,8,2025-05-03,1
464,501,1,2024-11-09,1
465,174,10,2023-09-06,1
466,420,7,2024-07-24,1
467,581,10,2025-03-07,1
468,19,1,2023-02-16,1
469,687,3,2025-07-27,1
470,710,6,2025-08-27,1
471,240,3,2023-11-30,1
472,209,8,2023-10-22,1
473,309,10,2024-02-26,1
474,58,8,2023-04-11,1
475,133,3,2023-07-15,1
476,41,6,2023-03-16,1
477,57,5,2023-04-09,1
478,448,4,2024-08-30,1
479,443,8,2024-08-22,1
480,785,8,2025-12-04,1
481,19,5,2023-02-16,1
482,160,7,2023-08-18,1
483,631,7,2025-05-16,1
484,562,3,2025-02-09,1
485,55,8,2023-04-07,1
486,13,6,2023-02-07,1
487,691,2,2025-08-05,1
488,331,3,2024-03-27,1
489,248,3,2023-12-09,1
490,115,4,2023-06-23,1
491,289,8,2024-01-31,1
492,161,7,2023-08-20,1
493,555,7,2025-01-24,1
494,514,10,2024-11-28,1
495,307,9,2024-02-23,1
496,362,9,2024-05-11,1
497,406,9,2024-07-06,1
498,219,4,2023-11-04,1
499,482,6,2024-10-14,1
500,632,9,2025-05-17,1
501,332,5,2024-03-29,1
502,150,1,2023-08-04,1
503,621,3,2025-05-02,1
504,389,6,2024-06-17,1
505,219,7,2023-11-04,1
506,317,10,2024-03-07,1
507,418,1,2024-07-22,1
508,501,4,2024-11-09,1
509,175,3,2023-09-07,1
510,522,4,2024-12-09,1
511,796,4,2025-12-16,1
512,815,5,2026-01-11,1
513,516,2,2024-12-02,1
514,319,2,2024-03-09,1
515,148,4,2023-08-02,1
516,449,9,2024-09-01,1
517,571,7,2025-02-21,1
518,739,1,2025-10-10,1
519,497,9,2024-11-05,1
520,315,8,2024-03-05,1
521,217,7,2023-11-02,1
522,639,4,2025-05-27,1
523,95,8,2023-05-30,1
524,656,9,2025-06-14,1
525,672,8,2025-07-09,1
526,595,4,2025-03-23,1
527,532,5,2024-12-21,1
528,572,2,2025-02-22,1
529,634,1,2025-05-22,1
530,457,8,2024-09-12,1
531,789,4,2025-12-09,1
532,419,5,2024-07-23,1
533,366,6,2024-05-18,1
534,705,9,2025-08-20,1
535,343,2,2024-04-15,1
536,609,6,2025-04-18,1
537,777,4,2025-11-22,1
538,172,1,2023-09-03,1
539,559,9,2025-01-29,1
540,412,5,2024-07-12,1
541,440,9,2024-08-17,1
542,572,6,2025-02-22,1
543,510,6,2024-11-20,1
544,154,7,2023-08-09,1
545,474,10,2024-10-06,1
546,163,9,2023-08-22,1
547,431,7,2024-08-08,1
548,178,6,2023-09-12,1
549,762,8,2025-11-05,1
550,146,6,2023-07-30,1
551,321,9,2024-03-12,1
552,523,5,2024-12-11,1
553,245,9,2023-12-05,1
554,489,9,2024-10-23,1
555,770,3,2025-11-14,1
556,456,4,2024-09-11,1
557,543,3,2025-01-06,1
558,686,6,2025-07-26,1
559,456,9,2024-09-11,1
560,361,4,2024-05-10,1
561,365,3,2024-05-17,1
562,289,9,2024-01-31,1
563,653,1,2025-06-11,1
564,208,3,2023-10-20,1
565,430,4,2024-08-07,1
566,157,3,2023-08-13,1
567,515,10,2024-12-01,1
568,101,10,2023-06-05,1
569,641,6,2025-05-29,1
570,453,1,2024-09-05,1
571,207,5,2023-10-19,1
572,435,5,2024-08-12,1
573,98,4,2023-06-02,1
574,273,8,2024-01-10,1
575,394,5,2024-06-23,1
576,761,4,2025-11-04,1
577,644,1,2025-06-01,1
578,109,8,2023-06-16,1
579,156,8,2023-08-12,1
580,670,10,2025-07-05,1
581,701,6,2025-08-15,1
582,625,9,2025-05-07,1
583,683,8,2025-07-22,1
584,533,2,2024-12-22,1
585,55,4,2023-04-07,1
586,464,8,2024-09-22,1
587,600,8,2025-04-03,1
588,158,7,2023-08-15,1
589,83,2,2023-05-15,1
590,458,7,2024-09-13,1
591,813,8,2026-01-09,1
592,199,9,2023-10-10,1
593,1,2,2023-01-20,1
594,807,10,2026-01-01,1
595,755,3,2025-10-29,1
596,192,8,2023-10-02,1
597,145,8,2023-07-28,1
598,660,6,2025-06-23,1
599,711,6,2025-08-29,1
600,255,7,2023-12-19,1
601,798,4,2025-12-18,1
602,106,9,2023-06-13,1
603,360,4,2024-05-09,1
604,466,3,2024-09-25,1
605,88,8,2023-05-23,1
606,811,9,2026-01-05,1
607,165,2,2023-08-26,1
608,756,8,2025-10-30,1
609,173,10,2023-09-05,1
610,573,8,2025-02-23,1
611,645,5,2025-06-02,1
612,696,9,2025-08-10,1
613,801,5,2025-12-24,1
614,465,7,2024-09-24,1
615,291,6,2024-02-03,1
616,774,2,2025-11-18,1
617,322,8,2024-03-13,1
618,797,7,2025-12-17,1
619,656,7,2025-06-14,1
620,544,2,2025-01-07,1
621,597,1,2025-03-26,1
622,763,8,2025-11-06,1
623,222,5,2023-11-08,1
624,108,9,2023-06-15,1
625,135,5,2023-07-18,1
626,50,2,2023-04-02,1
627,357,3,2024-05-02,1
628,440,8,2024-08-17,1
629,432,10,2024-08-09,1
630,631,4,2025-05-16,1
631,678,9,2025-07-16,1
632,149,10,2023-08-03,1
633,538,10,2024-12-30,1
634,66,8,2023-04-23,1
635,742,3,2025-10-14,1
636,258,8,2023-12-23,1
637,2,3,2023-01-23,1
638,720,1,2025-09-12,1
639,5,9,2023-01-27,1
640,294,2,2024-02-06,1
641,348,6,2024-04-20,1
642,761,2,2025-11-04,1
643,689,10,2025-07-31,1
644,569,4,2025-02-19,1
645,240,1,2023-11-30,1
646,434,2,2024-08-11,1
647,94,2,2023-05-29,1
648,36,4,2023-03-10,1
649,258,4,2023-12-23,1
650,681,2,2025-07-19,1
651,536,7,2024-12-26,1
652,251,5,2023-12-13,1
653,50,4,2023-04-02,1
654,505,5,2024-11-13,1
655,345,9,2024-04-17,1
656,640,1,2025-05-28,1
657,159,7,2023-08-16,1
659,691,9,2025-08-05,1
660,17,3,2023-02-13,1
661,630,10,2025-05-15,1
662,80,5,2023-05-12,1
663,511,7,2024-11-21,1
664,324,7,2024-03-15,1
665,668,1,2025-07-03,1
666,387,5,2024-06-15,1
667,704,3,2025-08-19,1
668,25,1,2023-02-22,1
669,103,7,2023-06-08,1
670,383,2,2024-06-07,1
671,173,3,2023-09-05,1
672,554,7,2025-01-22,1
673,75,8,2023-05-06,1
674,275,8,2024-01-13,1
675,661,4,2025-06-24,1
676,171,1,2023-09-02,1
677,486,7,2024-10-19,1
678,577,4,2025-02-28,1
679,518,1,2024-12-04,1
680,462,3,2024-09-19,1
681,56,7,2023-04-08,1
682,112,1,2023-06-19,1
683,353,7,2024-04-28,1
684,690,2,2025-08-04,1
685,578,10,2025-03-01,1
686,385,6,2024-06-12,1
687,62,8,2023-04-15,1
688,388,10,2024-06-16,1
689,242,1,2023-12-02,1
690,476,6,2024-10-08,1
691,61,10,2023-04-14,1
692,146,2,2023-07-30,1
693,151,8,2023-08-05,1
694,613,9,2025-04-23,1
695,42,1,2023-03-20,1
696,607,8,2025-04-16,1
697,711,10,2025-08-29,1
698,529,9,2024-12-17,1
699,542,5,2025-01-05,1
700,262,8,2023-12-29,1
701,369,5,2024-05-22,1
702,544,6,2025-01-07,1
703,544,3,2025-01-07,1
704,548,7,2025-01-12,1
705,213,6,2023-10-28,1
706,783,9,2025-12-01,1
707,86,9,2023-05-18,1
708,30,8,2023-02-27,1
709,1,7,2023-01-20,1
710,580,3,2025-03-04,1
711,668,10,2025-07-03,1
712,697,4,2025-08-11,1
713,794,1,2025-12-14,1
714,723,3,2025-09-15,1
715,327,9,2024-03-20,1
716,286,4,2024-01-26,1
717,770,9,2025-11-14,1
718,408,7,2024-07-08,1
719,524,7,2024-12-12,1
720,90,8,2023-05-25,1
721,561,10,2025-01-31,1
722,624,2,2025-05-05,1
723,461,9,2024-09-16,1
724,633,10,2025-05-20,1
725,725,5,2025-09-17,1
726,374,9,2024-05-27,1
727,520,4,2024-12-06,1
728,513,10,2024-11-27,1
729,231,3,2023-11-18,1
730,753,10,2025-10-26,1
731,603,3,2025-04-09,1
732,591,7,2025-03-19,1
733,76,3,2023-05-07,1
734,727,6,2025-09-21,1
735,161,2,2023-08-20,1
736,87,6,2023-05-21,1
737,781,4,2025-11-28,1
738,706,1,2025-08-21,1
739,206,4,2023-10-18,1
740,804,8,2025-12-28,1
741,671,9,2025-07-07,1
742,107,6,2023-06-14,1
743,381,4,2024-06-05,1
744,155,9,2023-08-10,1
745,280,9,2024-01-19,1
746,601,9,2025-04-04,1
747,34,2,2023-03-05,1
748,89,1,2023-05-24,1
749,298,3,2024-02-10,1
750,441,4,2024-08-18,1
751,728,8,2025-09-22,1
752,231,4,2023-11-18,1
753,762,3,2025-11-05,1
754,683,7,2025-07-22,1
755,380,10,2024-06-04,1
756,121,9,2023-07-01,1
757,687,6,2025-07-27,1
758,102,6,2023-06-07,1
759,314,10,2024-03-03,1
760,777,8,2025-11-22,1
761,796,6,2025-12-16,1
762,398,10,2024-06-27,1
763,301,10,2024-02-15,1
764,17,9,2023-02-13,1
765,265,3,2024-01-02,1
766,314,3,2024-03-03,1
767,814,3,2026-01-10,1
768,683,4,2025-07-22,1
769,5,1,2023-01-27,1
770,165,4,2023-08-26,1
771,603,10,2025-04-09,1
772,551,1,2025-01-18,1
773,816,6,2026-01-12,1
774,395,5,2024-06-24,1
775,119,4,2023-06-29,1
776,39,4,2023-03-14,1
777,497,9,2024-11-05,1
778,484,3,2024-10-16,1
779,80,7,2023-05-12,1
780,669,6,2025-07-04,1
781,624,7,2025-05-05,1
782,564,3,2025-02-11,1
783,62,1,2023-04-15,1
784,45,4,2023-03-25,1
785,170,3,2023-09-01,1
786,778,4,2025-11-23,1
787,623,10,2025-05-04,1
788,77,5,2023-05-08,1
789,784,3,2025-12-03,1
790,100,2,2023-06-04,1
791,413,6,2024-07-13,1
792,808,5,2026-01-02,1
793,10,3,2023-02-03,1
794,491,2,2024-10-27,1
795,495,2,2024-11-01,1
796,616,6,2025-04-27,1
797,120,3,2023-06-30,1
798,602,5,2025-04-06,1
799,253,9,2023-12-17,1
800,549,1,2025-01-13,1
801,717,2,2025-09-09,1
802,463,7,2024-09-20,1
803,328,3,2024-03-21,1
804,43,9,2023-03-22,1
805,22,9,2023-02-19,1
806,75,9,2023-05-06,1
807,66,10,2023-04-23,1
808,546,5,2025-01-09,1
809,318,2,2024-03-08,1
810,419,3,2024-07-23,1
811,690,9,2025-08-04,1
812,658,1,2025-06-19,1
813,657,1,2025-06-15,1
814,450,8,2024-09-02,1
815,718,9,2025-09-10,1
816,223,1,2023-11-09,1
817,46,7,2023-03-26,1
818,526,2,2024-12-14,1
819,197,5,2023-10-08,1
820,537,5,2024-12-28,1
821,535,7,2024-12-25,1
822,250,3,2023-12-12,1
823,194,1,2023-10-05,1
824,98,4,2023-06-02,1
825,766,1,2025-11-09,1
826,409,6,2024-07-09,1
827,716,8,2025-09-08,1
828,550,7,2025-01-14,1
829,785,7,2025-12-04,1
830,757,7,2025-10-31,1
831,746,4,2025-10-18,1
832,672,6,2025-07-09,1
833,216,8,2023-11-01,1
834,533,9,2024-12-22,1
835,479,9,2024-10-11,1
836,375,3,2024-05-28,1
837,309,7,2024-02-26,1
838,537,8,2024-12-28,1
839,336,3,2024-04-03,1
840,588,7,2025-03-16,1
841,159,7,2023-08-16,1
842,499,2,2024-11-07,1
843,800,7,2025-12-23,1
844,712,1,2025-08-31,1
845,212,4,2023-10-27,1
846,769,4,2025-11-13,1
847,253,3,2023-12-17,1
848,412,1,2024-07-12,1
849,35,5,2023-03-09,1
850,678,4,2025-07-16,1
851,462,5,2024-09-19,1
852,389,6,2024-06-17,1
853,466,1,2024-09-25,1
854,151,5,2023-08-05,1
855,626,2,2025-05-08,1
856,238,8,2023-11-27,1
857,382,9,2024-06-06,1
858,544,7,2025-01-07,1
859,236,9,2023-11-25,1
860,198,3,2023-10-09,1
861,537,2,2024-12-28,1
862,502,4,2024-11-10,1
863,223,3,2023-11-09,1
864,34,3,2023-03-05,1
865,439,9,2024-08-16,1
866,735,1,2025-10-04,1
867,85,4,2023-05-17,1
868,12,3,2023-02-06,1
869,249,7,2023-12-11,1
870,62,4,2023-04-15,1
871,544,8,2025-01-07,1
872,566,1,2025-02-14,1
873,667,6,2025-07-01,1
874,362,4,2024-05-11,1
875,16,5,2023-02-12,1
876,201,3,2023-10-12,1
877,602,5,2025-04-06,1
878,595,1,2025-03-23,1
879,480,2,2024-10-12,1
880,291,5,2024-02-03,1
881,181,3,2023-09-17,1
882,582,7,2025-03-08,1
883,236,7,2023-11-25,1
884,773,3,2025-11-17,1
885,677,9,2025-07-14,1
886,467,1,2024-09-26,1
887,82,9,2023-05-14,1
888,637,3,2025-05-25,1
889,741,8,2025-10-13,1
890,537,3,2024-12-28,1
891,204,6,2023-10-15,1
892,303,6,2024-02-18,1
893,344,9,2024-04-16,1
894,587,9,2025-03-15,1
895,47,1,2023-03-28,1
896,715,7,2025-09-05,1
897,676,2,2025-07-13,1
898,517,8,2024-12-03,1
899,31,10,2023-03-01,1
900,73,7,2023-05-01,1
901,493,3,2024-10-29,1
902,520,2,2024-12-06,1
903,376,1,2024-05-30,1
904,476,4,2024-10-08,1
905,377,7,2024-05-31,1
906,178,7,2023-09-12,1
907,528,2,2024-12-16,1
908,103,3,2023-06-08,1
909,607,7,2025-04-16,1
910,243,2,2023-12-03,1
911,116,5,2023-06-24,1
912,455,9,2024-09-10,1
913,682,6,2025-07-21,1
914,122,9,2023-07-02,1
915,451,3,2024-09-03,1
916,522,5,2024-12-09,1
917,617,7,2025-04-28,1
918,788,8,2025-12-08,1
919,268,9,2024-01-05,1
920,265,1,2024-01-02,1
921,125,9,2023-07-07,1
922,77,10,2023-05-08,1
923,488,8,2024-10-22,1
924,403,10,2024-07-03,1
925,623,10,2025-05-04,1
926,168,1,2023-08-30,1
927,375,5,2024-05-28,1
928,764,10,2025-11-07,1
929,235,8,2023-11-24,1
930,595,9,2025-03-23,1
931,550,3,2025-01-14,1
932,395,8,2024-06-24,1
933,643,6,2025-05-31,1
934,677,2,2025-07-14,1
935,368,9,2024-05-20,1
936,183,1,2023-09-19,1
937,173,10,2023-09-05,1
938,161,3,2023-08-20,1
939,103,10,2023-06-08,1
940,210,1,2023-10-23,1
941,229,8,2023-11-16,1
942,748,6,2025-10-21,1
943,186,2,2023-09-24,1
944,518,6,2024-12-04,1
945,197,9,2023-10-08,1
946,363,8,2024-05-14,1
947,49,2,2023-04-01,1
948,560,4,2025-01-30,1
949,643,6,2025-05-31,1
950,286,10,2024-01-26,1
951,495,7,2024-11-01,1
952,400,9,2024-06-30,1
953,427,9,2024-08-03,1
954,244,2,2023-12-04,1
955,702,4,2025-08-17,1
956,394,3,2024-06-23,1
957,82,6,2023-05-14,1
958,517,5,2024-12-03,1
959,154,3,2023-08-09,1
960,488,9,2024-10-22,1
961,589,9,2025-03-17,1
962,15,1,2023-02-11,1
963,198,2,2023-10-09,1
964,118,7,2023-06-27,1
965,358,4,2024-05-04,1
966,275,5,2024-01-13,1
967,647,3,2025-06-04,1
968,584,6,2025-03-10,1
969,751,2,2025-10-24,1
970,257,6,2023-12-21,1
971,248,8,2023-12-09,1
972,309,1,2024-02-26,1
973,427,4,2024-08-03,1
974,166,1,2023-08-27,1
975,603,9,2025-04-09,1
976,617,1,2025-04-28,1
977,610,5,2025-04-19,1
978,648,9,2025-06-05,1
979,24,3,2023-02-21,1
980,287,6,2024-01-27,1
981,752,3,2025-10-25,1
982,48,8,2023-03-30,1
984,741,9,2025-10-13,1
985,144,4,2023-07-27,1
986,53,9,2023-04-05,1
987,393,6,2024-06-22,1
988,369,5,2024-05-22,1
989,479,8,2024-10-11,1
990,330,4,2024-03-23,1
991,325,7,2024-03-16,1
992,720,6,2025-09-12,1
993,97,5,2023-06-01,1
994,423,1,2024-07-27,1
995,700,3,2025-08-14,1
996,384,8,2024-06-08,1
997,142,10,2023-07-25,1
998,560,6,2025-01-30,1
999,570,3,2025-02-20,1
1000,497,2,2024-11-05,1
1001,12,3,2023-02-06,1
1002,139,3,2023-07-22,1
1003,765,7,2025-11-08,1
1004,542,7,2025-01-05,1
1005,723,9,2025-09-15,1
1006,143,5,2023-07-26,1
1007,107,9,2023-06-14,1
1008,742,6,2025-10-14,1
1009,259,9,2023-12-24,1
1010,123,10,2023-07-05,1
1011,233,10,2023-11-20,1
1012,187,6,2023-09-27,1
1013,657,6,2025-06-15,1
1014,54,8,2023-04-06,1
1015,680,9,2025-07-18,1
1016,204,10,2023-10-15,1
1017,706,4,2025-08-21,1
1018,600,4,2025-04-03,1
1019,618,7,2025-04-29,1
1020,237,8,2023-11-26,1
1021,10,4,2023-02-03,1
1022,324,8,2024-03-15,1
1023,134,2,2023-07-16,1
1024,44,10,2023-03-24,1
1025,579,9,2025-03-03,1
1026,205,8,2023-10-17,1
1027,333,8,2024-03-30,1
1028,210,5,2023-10-23,1
1029,612,9,2025-04-22,1
1030,333,2,2024-03-30,1
1031,439,5,2024-08-16,1
1032,153,6,2023-08-07,1
1033,214,7,2023-10-30,1
1034,66,10,2023-04-23,1
1035,8,1,2023-01-30,1
1036,316,9,2024-03-06,1
1037,358,1,2024-05-04,1
1038,508,6,2024-11-18,1
1039,683,9,2025-07-22,1
1040,513,2,2024-11-27,1
1041,13,5,2023-02-07,1
1042,335,8,2024-04-02,1
1043,600,5,2025-04-03,1
1044,681,1,2025-07-19,1
1045,176,9,2023-09-08,1
1046,759,3,2025-11-02,1
1047,525,10,2024-12-13,1
1048,605,7,2025-04-12,1
1049,91,8,2023-05-26,1
1050,103,1,2023-06-08,1
1051,803,10,2025-12-27,1
1052,84,6,2023-05-16,1
1053,500,8,2024-11-08,1
1054,100,10,2023-06-04,1
1055,805,9,2025-12-29,1
1056,701,6,2025-08-15,1
1057,352,2,2024-04-26,1
1058,753,7,2025-10-26,1
1059,254,1,2023-12-18,1
1060,180,4,2023-09-15,1
1061,317,3,2024-03-07,1
1062,804,4,2025-12-28,1
1063,332,1,2024-03-29,1
1064,547,8,2025-01-10,1
1065,96,1,2023-05-31,1
1066,399,1,2024-06-28,1
1067,359,9,2024-05-08,1
1068,462,5,2024-09-19,1
1069,732,3,2025-09-28,1
1070,104,2,2023-06-10,1
1071,306,2,2024-02-22,1
1072,736,10,2025-10-06,1
1073,505,2,2024-11-13,1
1074,700,3,2025-08-14,1
1075,458,10,2024-09-13,1
1076,354,10,2024-04-29,1
1077,545,8,2025-01-08,1
1078,20,5,2023-02-17,1
1079,531,4,2024-12-20,1
1080,319,6,2024-03-09,1
1081,294,8,2024-02-06,1
1082,151,7,2023-08-05,1
1083,8,5,2023-01-30,1
1084,748,5,2025-10-21,1
1085,809,5,2026-01-03,1
1086,256,1,2023-12-20,1
1087,198,7,2023-10-09,1
1088,560,8,2025-01-30,1
1089,5,7,2023-01-27,1
1090,760,4,2025-11-03,1
1091,352,9,2024-04-26,1
1092,243,7,2023-12-03,1
1093,429,5,2024-08-06,1
1094,383,4,2024-06-07,1
1095,411,9,2024-07-11,1
1096,208,3,2023-10-20,1
1097,544,9,2025-01-07,1
1098,87,3,2023-05-21,1
1099,786,2,2025-12-05,1
1100,418,9,2024-07-22,1
1101,127,3,2023-07-09,1
1102,399,6,2024-06-28,1
1103,626,5,2025-05-08,1
1104,574,1,2025-02-25,1
1105,228,9,2023-11-15,1
1106,439,10,2024-08-16,1
1107,535,7,2024-12-25,1
1108,153,3,2023-08-07,1
1109,155,8,2023-08-10,1
1110,279,3,2024-01-17,1
1111,324,9,2024-03-15,1
1112,668,3,2025-07-03,1
1113,591,4,2025-03-19,1
1114,372,8,2024-05-25,1
1115,138,9,2023-07-21,1
1116,665,1,2025-06-29,1
1117,634,4,2025-05-22,1
1118,716,8,2025-09-08,1
1119,224,7,2023-11-10,1
1120,226,10,2023-11-12,1
1121,524,7,2024-12-12,1
1122,273,3,2024-01-10,1
1123,798,3,2025-12-18,1
1124,213,2,2023-10-28,1
1125,485,8,2024-10-17,1
1126,734,3,2025-10-03,1
1127,151,2,2023-08-05,1
1128,117,7,2023-06-26,1
1129,596,2,2025-03-25,1
1130,765,7,2025-11-08,1
1131,452,9,2024-09-04,1
1132,666,3,2025-06-30,1
1133,80,4,2023-05-12,1
1134,356,7,2024-05-01,1
1135,411,10,2024-07-11,1
1136,730,4,2025-09-26,1
1137,563,4,2025-02-10,1
1138,654,7,2025-06-12,1
1139,652,3,2025-06-10,1
1140,71,5,2023-04-29,1
1141,649,1,2025-06-06,1
1142,445,2,2024-08-26,1
1143,663,3,2025-06-26,1
1144,392,9,2024-06-21,1
1145,117,2,2023-06-26,1
1146,112,7,2023-06-19,1
1147,575,10,2025-02-26,1
1148,204,5,2023-10-15,1
1149,572,1,2025-02-22,1
1150,27,3,2023-02-24,1
1151,582,10,2025-03-08,1
1152,436,8,2024-08-13,1
1153,800,5,2025-12-23,1
1154,676,4,2025-07-13,1
1155,502,5,2024-11-10,1
1156,157,6,2023-08-13,1
1157,810,10,2026-01-04,1
1158,263,6,2023-12-30,1
1159,79,6,2023-05-10,1
1160,133,3,2023-07-15,1
1161,115,5,2023-06-23,1
1162,303,3,2024-02-18,1
1163,59,9,2023-04-12,1
1164,709,3,2025-08-26,1
1165,52,10,2023-04-04,1
1166,623,1,2025-05-04,1
1167,341,9,2024-04-11,1
1168,218,1,2023-11-03,1
1169,6,5,2023-01-28,1
1170,714,4,2025-09-03,1
1171,86,8,2023-05-18,1
1172,819,6,2026-01-15,1
1173,532,10,2024-12-21,1
1174,645,1,2025-06-02,1
1175,210,8,2023-10-23,1
1176,439,2,2024-08-16,1
1177,136,3,2023-07-19,1
1178,473,6,2024-10-05,1
1179,118,1,2023-06-27,1
1180,708,9,2025-08-23,1
1181,526,10,2024-12-14,1
1182,500,3,2024-11-08,1
1183,731,7,2025-09-27,1
1184,677,8,2025-07-14,1
1185,495,10,2024-11-01,1
1186,768,1,2025-11-12,1
1187,81,4,2023-05-13,1
1188,553,9,2025-01-20,1
1189,295,2,2024-02-07,1
1190,424,7,2024-07-28,1
1191,27,6,2023-02-24,1
1192,462,10,2024-09-19,1
1193,769,7,2025-11-13,1
1194,581,4,2025-03-07,1
1195,685,1,2025-07-24,1
1196,124,9,2023-07-06,1
1197,806,3,2025-12-31,1
1198,596,8,2025-03-25,1
1199,18,1,2023-02-14,1
1200,73,5,2023-05-01,1
1201,405,2,2024-07-05,1
1202,251,2,2023-12-13,1
1203,402,3,2024-07-02,1
1204,447,9,2024-08-28,1
1205,113,1,2023-06-20,1
1206,459,1,2024-09-14,1
1207,164,4,2023-08-24,1
1208,137,6,2023-07-20,1
1209,667,5,2025-07-01,1
1210,726,8,2025-09-19,1
1211,358,9,2024-05-04,1
1212,266,10,2024-01-03,1
1213,237,6,2023-11-26,1
1214,616,8,2025-04-27,1
1215,95,7,2023-05-30,1
1216,638,5,2025-05-26,1
1217,748,8,2025-10-21,1
1218,229,1,2023-11-16,1
1219,570,9,2025-02-20,1
1220,24,7,2023-02-21,1
1221,69,8,2023-04-26,1
1222,721,3,2025-09-13,1
1223,573,2,2025-02-23,1
1224,370,10,2024-05-23,1
1225,401,4,2024-07-01,1
1226,62,9,2023-04-15,1
1227,82,9,2023-05-14,1
1228,125,4,2023-07-07,1
1229,168,10,2023-08-30,1
1230,383,1,2024-06-07,1
1231,549,10,2025-01-13,1
1232,418,6,2024-07-22,1
1233,161,10,2023-08-20,1
1234,40,2,2023-03-15,1
1235,79,8,2023-05-10,1
1236,673,3,2025-07-10,1
1237,241,4,2023-12-01,1
1238,142,1,2023-07-25,1
1239,393,9,2024-06-22,1
1240,494,1,2024-10-31,1
1241,471,4,2024-10-02,1
1242,282,7,2024-01-22,1
1243,581,2,2025-03-07,1
1244,598,2,2025-03-27,1
1245,604,10,2025-04-10,1
1246,792,4,2025-12-12,1
1247,221,5,2023-11-06,1
1248,159,7,2023-08-16,1
1249,241,4,2023-12-01,1
1250,517,1,2024-12-03,1
1251,674,6,2025-07-11,1
1252,112,4,2023-06-19,1
1253,818,7,2026-01-14,1
1254,663,4,2025-06-26,1
1255,260,4,2023-12-26,1
1256,347,10,2024-04-19,1
1257,74,5,2023-05-05,1
1258,787,7,2025-12-07,1
1259,737,2,2025-10-08,1
1260,554,3,2025-01-22,1
1261,85,5,2023-05-17,1
1262,426,5,2024-08-01,1
1263,696,6,2025-08-10,1
1264,90,3,2023-05-25,1
1265,681,5,2025-07-19,1
1266,688,1,2025-07-29,1
1267,116,2,2023-06-24,1
1268,78,5,2023-05-09,1
1269,348,2,2024-04-20,1
1270,536,10,2024-12-26,1
1271,7,4,2023-01-29,1
1272,427,7,2024-08-03,1
1273,253,10,2023-12-17,1
1274,151,2,2023-08-05,1
1275,293,5,2024-02-05,1
1276,764,3,2025-11-07,1
1277,729,2,2025-09-23,1
1278,506,5,2024-11-14,1
1279,463,8,2024-09-20,1
1280,660,6,2025-06-23,1
1281,302,1,2024-02-17,1
1282,534,1,2024-12-23,1
1283,363,9,2024-05-14,1
1284,416,9,2024-07-19,1
1285,301,10,2024-02-15,1
1286,261,6,2023-12-27,1
1287,24,7,2023-02-21,1
1288,277,1,2024-01-15,1
1289,576,9,2025-02-27,1
1290,725,6,2025-09-17,1
1291,295,4,2024-02-07,1
1292,445,7,2024-08-26,1
1293,569,2,2025-02-19,1
1294,297,6,2024-02-09,1
1295,613,3,2025-04-23,1
1296,60,9,2023-04-13,1
1297,505,2,2024-11-13,1
1298,601,2,2025-04-04,1
1299,203,9,2023-10-14,1
1300,780,8,2025-11-25,1
1301,313,8,2024-03-02,1
1302,16,1,2023-02-12,1
1303,698,9,2025-08-12,1
1304,154,9,2023-08-09,1
1305,662,1,2025-06-25,1
1306,758,1,2025-11-01,1
1307,475,10,2024-10-07,1
1308,738,7,2025-10-09,1
1309,331,5,2024-03-27,1
1310,684,1,2025-07-23,1
1311,530,5,2024-12-18,1
1312,781,3,2025-11-28,1
1313,146,7,2023-07-30,1
1314,483,7,2024-10-15,1
1316,169,10,2023-08-31,1
1317,19,8,2023-02-16,1
1318,132,7,2023-07-14,1
1319,426,6,2024-08-01,1
1320,545,3,2025-01-08,1
1321,420,9,2024-07-24,1
1322,506,6,2024-11-14,1
1323,276,7,2024-01-14,1
1324,599,8,2025-04-01,1
1325,189,1,2023-09-29,1
1326,558,1,2025-01-27,1
1327,422,6,2024-07-26,1
1328,138,4,2023-07-21,1
1329,682,8,2025-07-21,1
1330,337,9,2024-04-04,1
1331,36,4,2023-03-10,1
1332,242,8,2023-12-02,1
1333,311,10,2024-02-29,1
1334,413,9,2024-07-13,1
1335,617,8,2025-04-28,1
1336,263,8,2023-12-30,1
1337,769,1,2025-11-13,1
1338,460,10,2024-09-15,1
1339,5,8,2023-01-27,1
1340,679,10,2025-07-17,1
1341,68,3,2023-04-25,1
1342,128,10,2023-07-10,1
1343,359,5,2024-05-08,1
1344,111,9,2023-06-18,1
1345,415,1,2024-07-16,1
1346,509,1,2024-11-19,1
1347,293,1,2024-02-05,1
1348,652,1,2025-06-10,1
1349,351,8,2024-04-23,1
1350,292,1,2024-02-04,1
1351,23,10,2023-02-20,1
1352,217,5,2023-11-02,1
1353,404,6,2024-07-04,1
1354,447,2,2024-08-28,1
1355,16,7,2023-02-12,1
1356,39,6,2023-03-14,1
1357,657,6,2025-06-15,1
1358,615,10,2025-04-25,1
1359,523,1,2024-12-11,1
1360,715,8,2025-09-05,1
1361,504,10,2024-11-12,1
1362,354,8,2024-04-29,1
1363,317,2,2024-03-07,1
1364,322,3,2024-03-13,1
1365,333,7,2024-03-30,1
1366,141,3,2023-07-24,1
1367,593,10,2025-03-21,1
1368,269,1,2024-01-06,1
1369,417,7,2024-07-20,1
1370,63,6,2023-04-19,1
1371,164,4,2023-08-24,1
1372,406,5,2024-07-06,1
1373,271,9,2024-01-08,1
1374,312,4,2024-03-01,1
1375,586,1,2025-03-13,1
1376,575,10,2025-02-26,1
1377,51,6,2023-04-03,1
1378,487,10,2024-10-20,1
1379,123,1,2023-07-05,1
1380,625,3,2025-05-07,1
1381,140,7,2023-07-23,1
1382,272,4,2024-01-09,1
1383,253,8,2023-12-17,1
1384,686,6,2025-07-26,1
1385,582,7,2025-03-08,1
1386,293,7,2024-02-05,1
1387,715,6,2025-09-05,1
1388,4,2,2023-01-26,1
1389,28,7,2023-02-25,1
1390,707,3,2025-08-22,1
1391,611,2,2025-04-20,1
1392,64,5,2023-04-20,1
1393,806,3,2025-12-31,1
1394,775,3,2025-11-19,1
1395,120,10,2023-06-30,1
1396,607,10,2025-04-16,1
1397,67,2,2023-04-24,1
1398,520,5,2024-12-06,1
1399,534,5,2024-12-23,1
1400,148,7,2023-08-02,1
1401,214,8,2023-10-30,1
1402,563,1,2025-02-10,1
1403,360,5,2024-05-09,1
1404,650,2,2025-06-07,1
1405,546,1,2025-01-09,1
1406,574,6,2025-02-25,1
1407,735,4,2025-10-04,1
1408,378,8,2024-06-02,1
1409,401,8,2024-07-01,1
1410,86,9,2023-05-18,1
1411,724,10,2025-09-16,1
1412,797,5,2025-12-17,1
1413,547,10,2025-01-10,1
1414,594,3,2025-03-22,1
1415,458,10,2024-09-13,1
1416,623,7,2025-05-04,1
1417,670,7,2025-07-05,1
1418,21,1,2023-02-18,1
1419,612,2,2025-04-22,1
1420,286,5,2024-01-26,1
1421,216,5,2023-11-01,1
1422,599,7,2025-04-01,1
1423,562,2,2025-02-09,1
1424,214,1,2023-10-30,1
1425,583,3,2025-03-09,1
1426,711,9,2025-08-29,1
1427,39,8,2023-03-14,1
1428,355,9,2024-04-30,1
1429,370,7,2024-05-23,1
1430,65,9,2023-04-22,1
1431,565,8,2025-02-12,1
1432,32,3,2023-03-02,1
1433,284,4,2024-01-24,1
1434,605,6,2025-04-12,1
1435,428,1,2024-08-04,1
1436,607,10,2025-04-16,1
1437,227,8,2023-11-14,1
1438,266,1,2024-01-03,1
1439,676,3,2025-07-13,1
1440,288,7,2024-01-30,1
1441,556,9,2025-01-25,1
1442,64,6,2023-04-20,1
1443,518,3,2024-12-04,1
1444,410,2,2024-07-10,1
1445,473,4,2024-10-05,1
1446,349,8,2024-04-21,1
1447,622,7,2025-05-03,1
1448,675,2,2025-07-12,1
1449,144,2,2023-07-27,1
1450,513,4,2024-11-27,1
1451,208,3,2023-10-20,1
1452,426,4,2024-08-01,1
1453,271,5,2024-01-08,1
1454,367,3,2024-05-19,1
1455,204,3,2023-10-15,1
1456,55,10,2023-04-07,1
1457,585,1,2025-03-12,1
1458,305,2,2024-02-21,1
1459,690,9,2025-08-04,1
1460,743,8,2025-10-15,1
1461,616,5,2025-04-27,1
1462,494,5,2024-10-31,1
1463,244,8,2023-12-04,1
1464,126,6,2023-07-08,1
1465,694,4,2025-08-08,1
1466,513,6,2024-11-27,1
1467,141,6,2023-07-24,1
1468,259,10,2023-12-24,1
1469,472,1,2024-10-04,1
1470,334,8,2024-03-31,1
1471,437,2,2024-08-14,1
1472,34,8,2023-03-05,1
1473,437,2,2024-08-14,1
1474,267,9,2024-01-04,1
1475,178,1,2023-09-12,1
1476,162,10,2023-08-21,1
1477,412,7,2024-07-12,1
1478,230,8,2023-11-17,1
1479,390,7,2024-06-18,1
1480,563,8,2025-02-10,1
1481,626,8,2025-05-08,1
1482,160,3,2023-08-18,1
1483,541,1,2025-01-04,1
1484,257,8,2023-12-21,1
1485,622,2,2025-05-03,1
1486,669,10,2025-07-04,1
1487,464,5,2024-09-22,1
1488,202,7,2023-10-13,1
1489,329,9,2024-03-22,1
1490,288,10,2024-01-30,1
1491,273,1,2024-01-10,1
1492,69,8,2023-04-26,1
1493,629,1,2025-05-14,1
1494,722,4,2025-09-14,1
1495,608,8,2025-04-17,1
1496,680,7,2025-07-18,1
1497,646,8,2025-06-03,1
1498,130,6,2023-07-12,1
1499,626,1,2025-05-08,1
1500,478,8,2024-10-10,1
